UID,Prediction
105615,APPROVED
91593,APPROVED
74152,APPROVED
110164,DECLINED
113037,APPROVED
199177,APPROVED
76893,APPROVED
92523,DECLINED
84622,APPROVED
100598,APPROVED
105283,APPROVED
92066,APPROVED
94984,APPROVED
107261,APPROVED
190651,APPROVED
87786,APPROVED
95564,APPROVED
64968,APPROVED
84315,DECLINED
95821,APPROVED
79548,APPROVED
82364,APPROVED
73894,APPROVED
107079,APPROVED
108080,APPROVED
99367,APPROVED
196638,APPROVED
91984,DECLINED
191677,DECLINED
66662,APPROVED
90049,APPROVED
91193,APPROVED
93374,APPROVED
73278,DECLINED
87301,APPROVED
94799,APPROVED
62584,DECLINED
114021,APPROVED
74483,APPROVED
94600,APPROVED
81428,APPROVED
87887,APPROVED
67621,DECLINED
201348,APPROVED
80787,DECLINED
77425,APPROVED
87968,APPROVED
98827,DECLINED
95590,APPROVED
99799,DECLINED
76910,APPROVED
193130,APPROVED
191391,APPROVED
92759,DECLINED
74110,APPROVED
83995,APPROVED
64786,APPROVED
74666,APPROVED
106427,APPROVED
86969,APPROVED
107700,APPROVED
112744,APPROVED
103465,APPROVED
96467,DECLINED
198992,APPROVED
96391,APPROVED
82740,APPROVED
66662,APPROVED
107593,APPROVED
98431,APPROVED
94485,APPROVED
200558,APPROVED
89123,APPROVED
191670,APPROVED
107097,APPROVED
87608,DECLINED
196917,APPROVED
110218,APPROVED
103410,DECLINED
73105,DECLINED
97418,APPROVED
80961,APPROVED
85457,APPROVED
73186,APPROVED
94718,DECLINED
84567,APPROVED
196916,DECLINED
69867,APPROVED
107852,APPROVED
110537,APPROVED
100662,APPROVED
111846,APPROVED
67799,APPROVED
198719,DECLINED
72258,APPROVED
62226,APPROVED
64786,APPROVED
97700,APPROVED
81990,APPROVED
75326,APPROVED
105084,DECLINED
89521,DECLINED
191380,APPROVED
71615,APPROVED
103830,APPROVED
192526,DECLINED
109883,APPROVED
68396,APPROVED
91926,APPROVED
195781,APPROVED
76280,APPROVED
76336,APPROVED
77503,DECLINED
109924,APPROVED
91405,APPROVED
62334,APPROVED
95821,APPROVED
78081,APPROVED
84378,APPROVED
61767,APPROVED
67517,APPROVED
108761,APPROVED
69856,APPROVED
67874,APPROVED
105380,APPROVED
63788,APPROVED
97348,DECLINED
201204,APPROVED
87438,APPROVED
66929,APPROVED
88626,APPROVED
54476,DECLINED
92294,APPROVED
109040,APPROVED
79146,APPROVED
96112,APPROVED
95425,APPROVED
73898,APPROVED
197364,APPROVED
193865,APPROVED
87241,APPROVED
52610,APPROVED
108165,DECLINED
68255,APPROVED
197494,APPROVED
83762,APPROVED
93334,APPROVED
66993,APPROVED
109885,APPROVED
87890,APPROVED
78306,APPROVED
98771,APPROVED
92216,DECLINED
192264,APPROVED
108974,APPROVED
53532,APPROVED
78185,APPROVED
104829,APPROVED
88282,APPROVED
191391,APPROVED
67517,APPROVED
108208,APPROVED
195379,APPROVED
92759,APPROVED
109325,APPROVED
109463,APPROVED
80982,APPROVED
94367,APPROVED
73476,APPROVED
197494,APPROVED
106106,APPROVED
89823,APPROVED
80399,APPROVED
94200,APPROVED
89123,APPROVED
112006,APPROVED
64900,APPROVED
198459,DECLINED
76526,DECLINED
108208,DECLINED
74368,APPROVED
54476,APPROVED
96329,APPROVED
93498,APPROVED
105220,APPROVED
95821,APPROVED
92011,APPROVED
92528,APPROVED
54476,APPROVED
78228,APPROVED
86942,APPROVED
197691,APPROVED
109476,APPROVED
88945,APPROVED
70381,APPROVED
86631,APPROVED
52610,APPROVED
199230,APPROVED
190304,DECLINED
79198,APPROVED
91522,APPROVED
193334,APPROVED
96477,APPROVED
94054,APPROVED
93296,APPROVED
95008,DECLINED
88518,APPROVED
73665,APPROVED
112103,APPROVED
97398,DECLINED
95821,APPROVED
112006,APPROVED
65023,DECLINED
110276,APPROVED
191662,APPROVED
85860,APPROVED
198104,DECLINED
97418,APPROVED
109054,APPROVED
199767,APPROVED
98843,APPROVED
87990,APPROVED
111389,APPROVED
68255,DECLINED
85092,APPROVED
106660,APPROVED
68837,APPROVED
74526,APPROVED
59907,APPROVED
108513,APPROVED
94065,APPROVED
102759,APPROVED
49849,APPROVED
89325,APPROVED
79710,APPROVED
65945,APPROVED
95572,DECLINED
103461,APPROVED
85805,APPROVED
86600,DECLINED
61224,APPROVED
106966,APPROVED
85854,APPROVED
77503,APPROVED
193017,APPROVED
96790,APPROVED
99710,APPROVED
52716,APPROVED
66238,APPROVED
72223,APPROVED
69807,APPROVED
91583,APPROVED
90985,APPROVED
52610,DECLINED
62715,APPROVED
106884,DECLINED
81759,APPROVED
84519,APPROVED
98482,APPROVED
95821,APPROVED
189985,APPROVED
70722,APPROVED
199427,DECLINED
109011,APPROVED
75325,APPROVED
107804,APPROVED
84510,APPROVED
95004,APPROVED
73665,APPROVED
95943,APPROVED
110255,APPROVED
94617,APPROVED
96757,APPROVED
82747,APPROVED
101144,APPROVED
87890,APPROVED
96391,APPROVED
94569,APPROVED
93334,APPROVED
201481,DECLINED
197063,DECLINED
106884,DECLINED
89134,APPROVED
100609,APPROVED
100579,APPROVED
99799,APPROVED
109915,APPROVED
77867,APPROVED
87371,APPROVED
79449,DECLINED
196325,APPROVED
98903,APPROVED
108797,APPROVED
65945,APPROVED
73497,APPROVED
107617,APPROVED
112006,APPROVED
189864,APPROVED
105079,APPROVED
67875,APPROVED
92766,APPROVED
106652,APPROVED
107515,APPROVED
93582,APPROVED
96045,APPROVED
96861,APPROVED
113039,APPROVED
108926,APPROVED
74690,DECLINED
69887,APPROVED
95175,DECLINED
198331,DECLINED
105207,APPROVED
99343,APPROVED
99799,DECLINED
78017,DECLINED
75326,APPROVED
112006,APPROVED
88746,APPROVED
193134,DECLINED
95564,APPROVED
100055,APPROVED
95183,APPROVED
93140,APPROVED
87314,APPROVED
100708,APPROVED
92614,APPROVED
112210,APPROVED
88282,APPROVED
193311,APPROVED
93582,APPROVED
111848,APPROVED
112501,DECLINED
65364,DECLINED
97633,APPROVED
76280,APPROVED
110989,APPROVED
94502,APPROVED
107240,APPROVED
113596,DECLINED
106882,APPROVED
79632,APPROVED
64780,APPROVED
100537,APPROVED
194128,DECLINED
78720,APPROVED
87990,DECLINED
92294,APPROVED
81951,APPROVED
71152,APPROVED
97348,DECLINED
68702,APPROVED
88282,APPROVED
107515,DECLINED
112658,APPROVED
85854,DECLINED
61767,APPROVED
88282,DECLINED
101930,APPROVED
108975,APPROVED
77503,DECLINED
104559,DECLINED
108761,APPROVED
85466,APPROVED
90998,APPROVED
197063,APPROVED
88282,APPROVED
64261,APPROVED
108239,APPROVED
104651,APPROVED
75032,APPROVED
79146,APPROVED
194141,APPROVED
107617,APPROVED
66993,APPROVED
63726,APPROVED
81614,APPROVED
99799,DECLINED
60335,APPROVED
194716,DECLINED
105380,APPROVED
97592,APPROVED
100280,DECLINED
112601,APPROVED
198033,APPROVED
66644,APPROVED
101689,APPROVED
78600,APPROVED
104633,APPROVED
79198,APPROVED
84378,APPROVED
82167,APPROVED
92216,APPROVED
89123,APPROVED
94928,APPROVED
74513,APPROVED
53710,APPROVED
84622,APPROVED
191357,APPROVED
192001,DECLINED
82175,APPROVED
189900,APPROVED
192545,APPROVED
96032,APPROVED
109885,APPROVED
91549,APPROVED
107365,APPROVED
109955,APPROVED
87725,APPROVED
201098,APPROVED
105749,APPROVED
77503,DECLINED
103240,DECLINED
113596,APPROVED
92193,DECLINED
75326,APPROVED
190858,APPROVED
105705,APPROVED
100055,DECLINED
84463,APPROVED
98417,APPROVED
92868,APPROVED
87139,APPROVED
92912,APPROVED
100008,DECLINED
105605,APPROVED
84510,APPROVED
66662,APPROVED
112513,APPROVED
97588,APPROVED
94631,APPROVED
64261,APPROVED
75638,APPROVED
87732,APPROVED
75394,DECLINED
111846,APPROVED
81428,APPROVED
88357,APPROVED
92759,APPROVED
112019,APPROVED
191367,APPROVED
191357,APPROVED
108397,APPROVED
112006,APPROVED
112607,DECLINED
71152,APPROVED
76526,DECLINED
110240,DECLINED
108080,APPROVED
191357,APPROVED
85054,APPROVED
77850,APPROVED
81895,APPROVED
98843,APPROVED
107276,APPROVED
72295,APPROVED
112006,APPROVED
195379,APPROVED
80961,APPROVED
194126,APPROVED
95935,DECLINED
191357,APPROVED
108817,APPROVED
194716,APPROVED
84738,APPROVED
112183,APPROVED
200846,APPROVED
197494,DECLINED
107613,APPROVED
84519,APPROVED
113484,APPROVED
104216,APPROVED
105755,DECLINED
200644,APPROVED
95912,APPROVED
200455,APPROVED
64780,APPROVED
72295,APPROVED
107469,APPROVED
62052,APPROVED
80420,APPROVED
110989,DECLINED
87890,APPROVED
94419,APPROVED
199584,DECLINED
107678,APPROVED
109951,APPROVED
83735,APPROVED
83770,APPROVED
85953,APPROVED
109781,APPROVED
83641,APPROVED
69887,DECLINED
95821,APPROVED
88357,APPROVED
201098,APPROVED
87199,DECLINED
60257,APPROVED
83735,APPROVED
112501,APPROVED
200474,APPROVED
189975,APPROVED
67517,DECLINED
82769,APPROVED
103465,DECLINED
85382,APPROVED
101046,DECLINED
89823,DECLINED
91076,APPROVED
88362,APPROVED
112596,APPROVED
65364,APPROVED
92294,APPROVED
64000,APPROVED
89644,DECLINED
85450,APPROVED
97418,APPROVED
109471,APPROVED
102230,APPROVED
101930,APPROVED
90774,APPROVED
112744,APPROVED
100106,APPROVED
89875,APPROVED
85295,APPROVED
106966,APPROVED
75519,APPROVED
106699,APPROVED
96028,APPROVED
113838,APPROVED
74071,APPROVED
87241,APPROVED
109855,APPROVED
196635,APPROVED
90008,APPROVED
108488,APPROVED
87890,APPROVED
64167,DECLINED
61147,APPROVED
72838,APPROVED
71825,APPROVED
103770,APPROVED
196918,APPROVED
97012,APPROVED
76677,APPROVED
95268,DECLINED
95498,APPROVED
196704,APPROVED
92854,APPROVED
80357,APPROVED
76655,APPROVED
68396,APPROVED
86262,DECLINED
111111,APPROVED
92647,APPROVED
96051,APPROVED
72821,APPROVED
72295,APPROVED
80961,APPROVED
200921,APPROVED
113299,APPROVED
102342,DECLINED
55969,APPROVED
109885,APPROVED
113484,APPROVED
73417,APPROVED
190858,APPROVED
92012,APPROVED
82880,APPROVED
108591,APPROVED
191355,APPROVED
107240,APPROVED
61767,APPROVED
100274,APPROVED
96224,APPROVED
77503,APPROVED
93857,APPROVED
200453,APPROVED
109477,DECLINED
105822,APPROVED
100398,APPROVED
197494,DECLINED
72821,APPROVED
111017,APPROVED
84766,APPROVED
112006,DECLINED
111535,APPROVED
108488,APPROVED
90867,APPROVED
83220,APPROVED
86885,APPROVED
79872,APPROVED
194126,APPROVED
83341,APPROVED
80985,APPROVED
97348,APPROVED
200300,APPROVED
196635,APPROVED
108540,APPROVED
198723,APPROVED
99662,APPROVED
109402,DECLINED
63852,DECLINED
110594,APPROVED
190388,APPROVED
88945,DECLINED
53105,APPROVED
67621,APPROVED
87125,APPROVED
86093,APPROVED
108666,APPROVED
110534,DECLINED
96477,APPROVED
110408,APPROVED
102658,APPROVED
99896,APPROVED
99317,DECLINED
200298,APPROVED
95183,APPROVED
78240,APPROVED
88485,APPROVED
94065,APPROVED
101144,APPROVED
80982,APPROVED
74904,APPROVED
95822,APPROVED
95098,APPROVED
109236,APPROVED
107613,APPROVED
89496,APPROVED
76219,APPROVED
97398,APPROVED
74620,APPROVED
93988,APPROVED
96861,APPROVED
99117,APPROVED
77362,DECLINED
89325,APPROVED
106362,APPROVED
111351,APPROVED
111522,APPROVED
110350,APPROVED
72295,APPROVED
101438,APPROVED
55625,APPROVED
92917,APPROVED
53710,APPROVED
190651,APPROVED
80399,APPROVED
107240,APPROVED
114096,APPROVED
96582,APPROVED
89166,APPROVED
111215,APPROVED
94065,APPROVED
91193,APPROVED
95564,APPROVED
55625,APPROVED
197494,DECLINED
93133,APPROVED
96582,APPROVED
97588,DECLINED
73970,APPROVED
82756,APPROVED
94367,APPROVED
105322,APPROVED
199107,APPROVED
105197,DECLINED
94155,APPROVED
106654,APPROVED
197691,APPROVED
196313,DECLINED
189953,APPROVED
196135,APPROVED
63923,APPROVED
69867,DECLINED
66238,APPROVED
107700,APPROVED
105016,APPROVED
110989,APPROVED
107700,APPROVED
64900,DECLINED
104781,APPROVED
74152,APPROVED
193311,DECLINED
101930,APPROVED
83459,APPROVED
85466,APPROVED
80981,DECLINED
114131,APPROVED
112914,APPROVED
197494,APPROVED
197191,APPROVED
54681,APPROVED
70722,DECLINED
106884,DECLINED
112006,APPROVED
193883,APPROVED
92294,DECLINED
88357,APPROVED
106375,APPROVED
107187,DECLINED
99295,APPROVED
72700,APPROVED
57827,APPROVED
112910,APPROVED
95815,APPROVED
200566,APPROVED
85952,APPROVED
73020,APPROVED
107825,APPROVED
109402,APPROVED
109794,APPROVED
97838,DECLINED
81376,APPROVED
105188,APPROVED
192544,APPROVED
108392,DECLINED
108528,APPROVED
106363,APPROVED
79726,DECLINED
64780,APPROVED
73609,APPROVED
112006,DECLINED
111668,APPROVED
95970,APPROVED
92868,APPROVED
64212,DECLINED
192545,APPROVED
62593,APPROVED
76655,APPROVED
97588,APPROVED
194127,APPROVED
105016,APPROVED
113142,DECLINED
86481,DECLINED
62417,APPROVED
89335,APPROVED
96467,APPROVED
88282,DECLINED
92767,DECLINED
69891,APPROVED
108975,APPROVED
64784,APPROVED
91403,DECLINED
94625,APPROVED
71200,APPROVED
66662,APPROVED
100398,APPROVED
87729,APPROVED
195931,DECLINED
83220,APPROVED
91405,APPROVED
109884,APPROVED
74152,APPROVED
111532,APPROVED
111004,APPROVED
83531,APPROVED
87241,APPROVED
106481,APPROVED
196864,DECLINED
57103,APPROVED
87729,APPROVED
108716,DECLINED
106556,APPROVED
100562,APPROVED
196134,APPROVED
87887,APPROVED
65023,APPROVED
199872,DECLINED
113037,APPROVED
196252,APPROVED
98482,APPROVED
91522,DECLINED
89123,APPROVED
92759,APPROVED
112754,APPROVED
54803,APPROVED
83459,APPROVED
79805,APPROVED
64212,APPROVED
86264,APPROVED
198831,DECLINED
83531,APPROVED
100398,APPROVED
82678,APPROVED
105605,APPROVED
106556,DECLINED
85340,APPROVED
73665,DECLINED
108719,APPROVED
87887,APPROVED
76972,DECLINED
64912,DECLINED
85382,APPROVED
89325,APPROVED
85744,APPROVED
76219,DECLINED
76664,APPROVED
105201,APPROVED
80420,APPROVED
111389,APPROVED
111532,APPROVED
67799,APPROVED
82997,APPROVED
64268,APPROVED
111901,APPROVED
68396,APPROVED
108716,APPROVED
104829,APPROVED
87732,APPROVED
76655,DECLINED
97348,APPROVED
69867,APPROVED
94155,APPROVED
71755,APPROVED
94065,APPROVED
106589,APPROVED
80979,APPROVED
60404,APPROVED
197198,DECLINED
89302,APPROVED
87490,APPROVED
71152,APPROVED
79548,APPROVED
86406,APPROVED
53710,APPROVED
96112,APPROVED
99997,APPROVED
89241,APPROVED
88357,APPROVED
190299,DECLINED
71548,APPROVED
78720,APPROVED
109463,APPROVED
100708,APPROVED
109076,APPROVED
92386,APPROVED
85466,APPROVED
102500,APPROVED
105778,APPROVED
89851,APPROVED
78929,APPROVED
76440,APPROVED
90050,APPROVED
110989,APPROVED
78188,APPROVED
193128,APPROVED
95248,APPROVED
107745,APPROVED
80979,APPROVED
79710,APPROVED
112674,APPROVED
109477,APPROVED
196325,APPROVED
72295,DECLINED
74336,APPROVED
109011,APPROVED
87844,APPROVED
93375,APPROVED
94200,APPROVED
197063,DECLINED
76260,APPROVED
78854,APPROVED
83787,APPROVED
83531,APPROVED
69807,APPROVED
89325,APPROVED
61147,APPROVED
87786,APPROVED
69897,APPROVED
192001,APPROVED
91193,APPROVED
112006,APPROVED
196704,APPROVED
92868,APPROVED
68289,APPROVED
76336,APPROVED
199997,APPROVED
80450,APPROVED
85952,APPROVED
200474,APPROVED
59542,APPROVED
76972,DECLINED
84888,APPROVED
199280,APPROVED
92868,APPROVED
196313,APPROVED
88282,APPROVED
85295,APPROVED
81919,APPROVED
192354,APPROVED
74135,APPROVED
111979,APPROVED
88289,APPROVED
57827,APPROVED
193319,APPROVED
113386,APPROVED
108147,APPROVED
55971,APPROVED
83754,DECLINED
95590,APPROVED
113736,APPROVED
99799,APPROVED
75519,DECLINED
98517,APPROVED
85881,APPROVED
64212,APPROVED
93469,APPROVED
198656,APPROVED
87786,APPROVED
86910,APPROVED
104644,APPROVED
189850,APPROVED
108542,APPROVED
111215,APPROVED
199125,DECLINED
109932,APPROVED
100326,APPROVED
88282,APPROVED
113775,APPROVED
101230,APPROVED
87314,APPROVED
93538,APPROVED
76681,DECLINED
94763,APPROVED
66929,APPROVED
77503,APPROVED
67167,APPROVED
112006,APPROVED
200474,APPROVED
87314,APPROVED
69867,APPROVED
108300,APPROVED
196635,APPROVED
88282,APPROVED
105203,APPROVED
88548,DECLINED
106359,APPROVED
88362,APPROVED
64968,APPROVED
74685,APPROVED
200457,DECLINED
93132,APPROVED
109438,APPROVED
79246,APPROVED
199427,DECLINED
199283,DECLINED
71615,APPROVED
198726,DECLINED
65264,APPROVED
72579,APPROVED
85881,APPROVED
192544,APPROVED
193856,APPROVED
95823,APPROVED
72816,APPROVED
78524,DECLINED
81797,APPROVED
98539,APPROVED
193334,APPROVED
76280,APPROVED
98497,APPROVED
64968,APPROVED
71477,APPROVED
67167,APPROVED
85092,APPROVED
95564,APPROVED
105016,APPROVED
196703,APPROVED
79548,APPROVED
100662,APPROVED
107515,APPROVED
63183,DECLINED
97633,APPROVED
111848,APPROVED
76893,APPROVED
200689,APPROVED
95425,DECLINED
89496,DECLINED
96696,APPROVED
88522,APPROVED
107678,APPROVED
96400,DECLINED
79146,APPROVED
100662,DECLINED
64811,APPROVED
67212,APPROVED
196703,APPROVED
191683,APPROVED
77503,APPROVED
75394,DECLINED
96329,DECLINED
67743,APPROVED
85295,APPROVED
192544,APPROVED
74071,APPROVED
105600,APPROVED
78188,APPROVED
102443,APPROVED
70722,APPROVED
84373,APPROVED
64811,APPROVED
99734,DECLINED
89240,APPROVED
190299,APPROVED
108572,APPROVED
107282,APPROVED
85202,APPROVED
50731,APPROVED
189939,APPROVED
88357,APPROVED
196633,DECLINED
84806,APPROVED
76280,APPROVED
108798,APPROVED
73665,APPROVED
96790,APPROVED
110667,DECLINED
81011,APPROVED
54476,APPROVED
113299,DECLINED
88151,APPROVED
110237,DECLINED
106561,DECLINED
66557,DECLINED
81614,APPROVED
194119,DECLINED
197500,DECLINED
52716,APPROVED
95564,APPROVED
93133,APPROVED
96696,APPROVED
75032,APPROVED
111490,APPROVED
97700,APPROVED
109885,APPROVED
111063,APPROVED
92766,APPROVED
192544,APPROVED
104633,APPROVED
54476,APPROVED
113617,APPROVED
111290,APPROVED
111816,APPROVED
74119,APPROVED
92759,DECLINED
97633,APPROVED
190733,APPROVED
93133,APPROVED
52716,APPROVED
93418,APPROVED
111531,DECLINED
92285,APPROVED
114020,APPROVED
109236,APPROVED
110549,DECLINED
76681,APPROVED
111409,APPROVED
88282,APPROVED
110748,DECLINED
98843,APPROVED
66238,APPROVED
108799,APPROVED
92867,APPROVED
196637,APPROVED
87990,APPROVED
94065,APPROVED
71301,APPROVED
92735,APPROVED
89335,APPROVED
197691,APPROVED
94718,APPROVED
196061,DECLINED
62036,APPROVED
85953,APPROVED
88282,APPROVED
94502,APPROVED
96400,APPROVED
109236,APPROVED
83787,APPROVED
89875,DECLINED
191670,APPROVED
65059,APPROVED
73044,APPROVED
111970,APPROVED
64573,APPROVED
201534,APPROVED
201204,APPROVED
194138,DECLINED
73665,APPROVED
112501,APPROVED
112006,APPROVED
107737,APPROVED
95248,APPROVED
197502,APPROVED
96696,APPROVED
90867,APPROVED
105778,APPROVED
81990,APPROVED
76074,APPROVED
76654,APPROVED
110530,APPROVED
96112,APPROVED
113747,APPROVED
196313,APPROVED
101468,DECLINED
105605,APPROVED
62715,APPROVED
100609,APPROVED
197494,APPROVED
70066,APPROVED
112607,APPROVED
109806,APPROVED
111848,APPROVED
96663,APPROVED
106846,APPROVED
94625,APPROVED
108080,DECLINED
85466,APPROVED
53444,DECLINED
195382,APPROVED
89875,APPROVED
91583,DECLINED
97820,APPROVED
193031,APPROVED
105778,APPROVED
106557,APPROVED
93274,APPROVED
191657,APPROVED
78876,APPROVED
191681,APPROVED
201748,APPROVED
199995,APPROVED
67167,APPROVED
90133,APPROVED
87990,APPROVED
107448,APPROVED
111535,DECLINED
81428,DECLINED
109081,APPROVED
191153,APPROVED
111115,APPROVED
111004,APPROVED
64321,APPROVED
93132,DECLINED
196315,APPROVED
189939,APPROVED
109967,APPROVED
199998,APPROVED
85952,APPROVED
200471,DECLINED
81711,APPROVED
84074,APPROVED
93418,APPROVED
200452,DECLINED
73476,APPROVED
101600,APPROVED
105232,APPROVED
106313,APPROVED
191664,APPROVED
74152,APPROVED
87732,APPROVED
193334,APPROVED
200644,APPROVED
91365,APPROVED
90867,APPROVED
105749,APPROVED
92523,APPROVED
60481,APPROVED
78369,APPROVED
87990,DECLINED
51316,APPROVED
90867,APPROVED
54476,APPROVED
101802,APPROVED
98882,APPROVED
82175,DECLINED
69403,APPROVED
94944,APPROVED
73665,APPROVED
104644,APPROVED
86093,APPROVED
85744,APPROVED
83531,APPROVED
112879,APPROVED
87490,APPROVED
88282,APPROVED
89251,APPROVED
199997,APPROVED
90106,APPROVED
92765,APPROVED
92294,APPROVED
112727,APPROVED
105201,APPROVED
95589,APPROVED
106884,DECLINED
88357,APPROVED
81428,APPROVED
95425,APPROVED
95436,APPROVED
76526,DECLINED
193886,APPROVED
89269,APPROVED
108239,APPROVED
107448,APPROVED
93334,APPROVED
192001,APPROVED
80971,APPROVED
90867,APPROVED
88357,APPROVED
87608,APPROVED
79245,APPROVED
97348,APPROVED
196629,APPROVED
196637,APPROVED
107600,DECLINED
94719,DECLINED
53105,APPROVED
90050,APPROVED
112601,APPROVED
104438,APPROVED
190901,APPROVED
190304,APPROVED
92386,DECLINED
80658,DECLINED
62593,APPROVED
76370,APPROVED
110171,APPROVED
62715,APPROVED
94719,APPROVED
199085,APPROVED
105615,APPROVED
94916,APPROVED
89123,APPROVED
68112,APPROVED
109476,APPROVED
93295,APPROVED
97820,APPROVED
113185,APPROVED
193029,APPROVED
64573,APPROVED
80979,APPROVED
70118,APPROVED
89575,APPROVED
95590,APPROVED
190305,APPROVED
71152,APPROVED
88289,APPROVED
109967,DECLINED
106776,APPROVED
107261,APPROVED
107362,APPROVED
99997,APPROVED
112006,APPROVED
78929,APPROVED
92276,APPROVED
113395,APPROVED
94719,APPROVED
101046,APPROVED
97418,APPROVED
110185,APPROVED
92767,APPROVED
108688,APPROVED
80787,APPROVED
106588,APPROVED
64573,APPROVED
90828,APPROVED
109455,APPROVED
201100,APPROVED
78228,APPROVED
108591,DECLINED
78720,APPROVED
87990,APPROVED
111000,APPROVED
77112,APPROVED
105019,DECLINED
57827,APPROVED
109438,APPROVED
189900,DECLINED
200475,APPROVED
88296,APPROVED
192545,APPROVED
201102,DECLINED
196134,DECLINED
74950,APPROVED
106556,APPROVED
66644,APPROVED
80982,DECLINED
108817,APPROVED
73665,DECLINED
86133,APPROVED
74356,DECLINED
105101,APPROVED
112601,APPROVED
94718,APPROVED
85950,APPROVED
79963,APPROVED
87990,APPROVED
96575,APPROVED
109915,APPROVED
64573,APPROVED
110218,APPROVED
193319,APPROVED
105902,APPROVED
110218,APPROVED
100708,APPROVED
94065,APPROVED
193031,APPROVED
82997,APPROVED
79245,APPROVED
96696,APPROVED
190086,DECLINED
79963,APPROVED
90774,APPROVED
95572,APPROVED
108139,APPROVED
106699,DECLINED
105615,APPROVED
97633,APPROVED
106589,APPROVED
109951,APPROVED
87139,APPROVED
108817,DECLINED
87890,APPROVED
92655,APPROVED
194124,APPROVED
69950,DECLINED
72211,DECLINED
89875,APPROVED
77503,APPROVED
106929,APPROVED
74677,APPROVED
72406,APPROVED
113664,APPROVED
79846,APPROVED
106362,APPROVED
86407,APPROVED
114023,APPROVED
200471,DECLINED
92696,APPROVED
197503,APPROVED
82740,APPROVED
112006,DECLINED
68362,APPROVED
105342,APPROVED
92696,APPROVED
86631,APPROVED
79245,APPROVED
94928,APPROVED
107365,APPROVED
190365,DECLINED
86910,APPROVED
201747,DECLINED
91583,APPROVED
106557,DECLINED
92804,APPROVED
94148,DECLINED
100864,APPROVED
107282,DECLINED
195193,APPROVED
199177,APPROVED
85953,APPROVED
92011,DECLINED
111007,APPROVED
106589,DECLINED
100662,APPROVED
67621,APPROVED
52358,APPROVED
92911,APPROVED
95935,APPROVED
53710,APPROVED
97587,APPROVED
94719,APPROVED
196135,APPROVED
66644,DECLINED
73048,APPROVED
66993,APPROVED
87729,APPROVED
104644,APPROVED
108481,APPROVED
107273,APPROVED
85053,APPROVED
67621,APPROVED
105078,APPROVED
111455,APPROVED
85854,APPROVED
81614,APPROVED
108926,APPROVED
105755,APPROVED
67517,APPROVED
91557,APPROVED
106923,APPROVED
85131,APPROVED
74701,APPROVED
103465,APPROVED
103830,APPROVED
74641,APPROVED
110456,APPROVED
95912,APPROVED
112090,DECLINED
100609,APPROVED
92743,APPROVED
107448,APPROVED
68967,APPROVED
71825,APPROVED
100708,APPROVED
87729,APPROVED
190781,APPROVED
74152,APPROVED
106923,APPROVED
89496,APPROVED
74643,APPROVED
76681,APPROVED
111846,APPROVED
80928,APPROVED
82940,APPROVED
112501,APPROVED
105112,APPROVED
97418,DECLINED
77362,APPROVED
70018,APPROVED
70395,DECLINED
68396,APPROVED
96103,APPROVED
82880,APPROVED
78142,APPROVED
107804,DECLINED
101837,APPROVED
68112,APPROVED
74152,APPROVED
110456,APPROVED
199867,DECLINED
111377,APPROVED
111688,APPROVED
76910,APPROVED
96028,APPROVED
73665,APPROVED
106568,DECLINED
110989,APPROVED
107593,APPROVED
79726,DECLINED
91539,APPROVED
89400,APPROVED
105885,APPROVED
113484,APPROVED
198927,APPROVED
75325,APPROVED
112871,DECLINED
69867,DECLINED
105755,APPROVED
196313,DECLINED
88666,APPROVED
93133,APPROVED
84315,APPROVED
112006,APPROVED
78720,APPROVED
111378,APPROVED
59542,APPROVED
193128,DECLINED
63858,APPROVED
112042,APPROVED
199428,APPROVED
81393,APPROVED
99997,APPROVED
197787,APPROVED
96391,APPROVED
87890,APPROVED
102500,APPROVED
94008,APPROVED
92743,APPROVED
199872,DECLINED
52610,APPROVED
112210,DECLINED
111532,APPROVED
64811,APPROVED
106923,DECLINED
84688,APPROVED
88059,APPROVED
57827,APPROVED
109879,APPROVED
98539,APPROVED
91588,APPROVED
96045,APPROVED
200926,APPROVED
98435,APPROVED
198034,APPROVED
55730,APPROVED
87887,APPROVED
107034,APPROVED
94625,APPROVED
89910,APPROVED
91588,APPROVED
88282,APPROVED
195781,APPROVED
106736,DECLINED
193016,APPROVED
61767,APPROVED
112006,APPROVED
69383,APPROVED
84806,APPROVED
96051,APPROVED
95970,APPROVED
64709,APPROVED
113815,APPROVED
85431,APPROVED
75032,APPROVED
97418,APPROVED
87608,APPROVED
94466,APPROVED
87890,APPROVED
95183,APPROVED
78282,APPROVED
71755,APPROVED
65364,APPROVED
90006,APPROVED
192541,APPROVED
104829,APPROVED
199435,APPROVED
105152,APPROVED
197887,APPROVED
112216,APPROVED
85131,APPROVED
107601,DECLINED
94718,APPROVED
198430,DECLINED
61965,DECLINED
192525,APPROVED
201100,APPROVED
75849,APPROVED
102950,APPROVED
76526,DECLINED
109528,APPROVED
89269,APPROVED
106929,APPROVED
76511,DECLINED
88151,APPROVED
111901,APPROVED
79632,DECLINED
79548,APPROVED
74634,APPROVED
111823,APPROVED
96005,APPROVED
82740,APPROVED
193334,APPROVED
73894,APPROVED
84079,DECLINED
84378,APPROVED
94569,DECLINED
86942,APPROVED
191193,APPROVED
51316,APPROVED
89335,APPROVED
88282,APPROVED
85338,APPROVED
102759,APPROVED
68289,APPROVED
84373,APPROVED
110171,APPROVED
77503,APPROVED
195008,APPROVED
67618,DECLINED
106557,DECLINED
196251,APPROVED
104829,APPROVED
112494,APPROVED
108488,APPROVED
108977,APPROVED
194132,APPROVED
103613,APPROVED
105232,APPROVED
64212,APPROVED
75436,DECLINED
65315,APPROVED
93002,DECLINED
53444,APPROVED
84567,APPROVED
94065,APPROVED
196704,APPROVED
112210,DECLINED
101648,APPROVED
87786,APPROVED
109236,APPROVED
89123,APPROVED
92867,DECLINED
201737,APPROVED
112006,APPROVED
70018,DECLINED
90133,DECLINED
95841,DECLINED
112744,APPROVED
80662,DECLINED
107291,APPROVED
201481,APPROVED
67799,APPROVED
106736,APPROVED
99997,APPROVED
71211,APPROVED
112006,APPROVED
96391,APPROVED
199767,APPROVED
84806,APPROVED
92175,DECLINED
109926,APPROVED
196920,APPROVED
197503,DECLINED
91365,APPROVED
64784,APPROVED
71211,APPROVED
106359,APPROVED
97329,APPROVED
199871,DECLINED
74036,APPROVED
105016,APPROVED
66993,APPROVED
95564,APPROVED
92766,APPROVED
104644,APPROVED
97418,APPROVED
193883,APPROVED
70663,APPROVED
95248,APPROVED
61191,APPROVED
192868,DECLINED
92011,APPROVED
104829,APPROVED
59542,DECLINED
112601,APPROVED
87786,APPROVED
97607,APPROVED
95943,APPROVED
96575,APPROVED
89240,APPROVED
91404,APPROVED
96043,APPROVED
89123,APPROVED
84622,APPROVED
197500,APPROVED
71215,APPROVED
71548,APPROVED
84891,APPROVED
91579,APPROVED
80985,APPROVED
94065,DECLINED
81463,APPROVED
74356,APPROVED
201738,DECLINED
190733,APPROVED
76655,APPROVED
192517,APPROVED
88626,APPROVED
87314,APPROVED
86093,APPROVED
88065,APPROVED
79632,APPROVED
95590,APPROVED
109402,APPROVED
95589,APPROVED
81990,APPROVED
106568,APPROVED
85053,APPROVED
92696,APPROVED
106623,APPROVED
195048,APPROVED
201419,APPROVED
109794,APPROVED
108390,APPROVED
103520,APPROVED
89337,APPROVED
110365,DECLINED
84315,APPROVED
190741,APPROVED
100008,APPROVED
66189,DECLINED
113825,DECLINED
83198,APPROVED
89575,APPROVED
80401,DECLINED
73970,APPROVED
194516,DECLINED
54476,APPROVED
71159,APPROVED
105704,APPROVED
110915,APPROVED
89252,APPROVED
106929,APPROVED
92791,APPROVED
95970,APPROVED
64785,DECLINED
86262,DECLINED
95589,APPROVED
189940,APPROVED
103486,APPROVED
190381,APPROVED
199177,APPROVED
91522,APPROVED
95004,APPROVED
197063,APPROVED
196917,DECLINED
102425,APPROVED
192351,APPROVED
107448,APPROVED
74452,APPROVED
69867,APPROVED
89575,APPROVED
67799,APPROVED
107804,APPROVED
110715,APPROVED
100405,APPROVED
191391,APPROVED
86133,APPROVED
88282,DECLINED
105112,APPROVED
96296,APPROVED
105594,APPROVED
111846,APPROVED
64785,DECLINED
200560,APPROVED
90008,APPROVED
110867,APPROVED
103562,APPROVED
107689,DECLINED
85431,APPROVED
107737,APPROVED
107737,APPROVED
192000,DECLINED
76074,APPROVED
190691,DECLINED
79449,DECLINED
54681,APPROVED
70381,APPROVED
82827,APPROVED
195930,APPROVED
105837,DECLINED
100057,DECLINED
93582,APPROVED
97348,APPROVED
90871,APPROVED
73970,APPROVED
88282,APPROVED
80450,APPROVED
200450,APPROVED
85854,APPROVED
199437,APPROVED
93299,APPROVED
74513,APPROVED
85457,APPROVED
195036,APPROVED
102425,APPROVED
73609,APPROVED
74701,APPROVED
87890,APPROVED
112210,APPROVED
84241,APPROVED
94054,APPROVED
76972,DECLINED
61095,APPROVED
107774,APPROVED
106929,APPROVED
60399,APPROVED
89335,APPROVED
92293,DECLINED
108080,APPROVED
83669,APPROVED
84891,APPROVED
111050,APPROVED
79200,APPROVED
67231,APPROVED
105342,APPROVED
192545,DECLINED
95978,APPROVED
103410,APPROVED
106667,DECLINED
110452,DECLINED
103465,APPROVED
85450,APPROVED
85883,APPROVED
201427,APPROVED
94200,APPROVED
79449,APPROVED
107770,APPROVED
109932,APPROVED
97926,APPROVED
92011,APPROVED
74677,APPROVED
108719,APPROVED
100405,APPROVED
96861,DECLINED
75443,APPROVED
78345,APPROVED
106240,APPROVED
70843,APPROVED
96761,APPROVED
106557,APPROVED
92759,APPROVED
85328,APPROVED
86248,APPROVED
59542,DECLINED
80961,APPROVED
107804,APPROVED
88259,APPROVED
69887,APPROVED
88548,APPROVED
110697,APPROVED
94367,APPROVED
106118,DECLINED
88282,APPROVED
94065,APPROVED
192752,APPROVED
69901,APPROVED
84567,APPROVED
85953,APPROVED
86620,APPROVED
94944,APPROVED
201423,APPROVED
112607,APPROVED
107362,APPROVED
199090,DECLINED
96861,DECLINED
107240,DECLINED
78081,APPROVED
79548,APPROVED
69386,DECLINED
111011,DECLINED
196635,APPROVED
106929,APPROVED
200297,DECLINED
61965,APPROVED
111646,DECLINED
55730,APPROVED
190766,APPROVED
84935,DECLINED
73665,DECLINED
112006,APPROVED
194127,APPROVED
74685,APPROVED
195655,APPROVED
109162,APPROVED
96391,DECLINED
98006,APPROVED
96467,APPROVED
98866,APPROVED
112174,APPROVED
103248,APPROVED
95564,APPROVED
73044,APPROVED
91650,DECLINED
193031,APPROVED
93133,APPROVED
109236,APPROVED
105110,APPROVED
68967,APPROVED
112006,APPROVED
102762,APPROVED
83735,DECLINED
88427,APPROVED
80787,APPROVED
53532,DECLINED
108950,APPROVED
198721,APPROVED
69403,DECLINED
81312,APPROVED
97418,APPROVED
111660,APPROVED
72981,APPROVED
91193,APPROVED
108292,APPROVED
107282,APPROVED
96467,APPROVED
107700,APPROVED
97587,APPROVED
85952,DECLINED
192545,APPROVED
88626,APPROVED
95564,APPROVED
109938,APPROVED
200560,APPROVED
84513,APPROVED
78720,APPROVED
90774,APPROVED
57893,APPROVED
106557,APPROVED
111098,APPROVED
69904,APPROVED
112283,DECLINED
70018,APPROVED
83341,DECLINED
109951,APPROVED
98495,APPROVED
112393,APPROVED
91916,APPROVED
112566,APPROVED
84315,APPROVED
94419,APPROVED
73891,APPROVED
81309,DECLINED
88666,APPROVED
89292,APPROVED
85854,APPROVED
197494,APPROVED
84889,APPROVED
84173,APPROVED
77766,APPROVED
82940,APPROVED
108392,APPROVED
85446,APPROVED
98843,APPROVED
100864,APPROVED
113703,APPROVED
91583,APPROVED
73665,APPROVED
86600,APPROVED
195781,APPROVED
87082,DECLINED
108798,APPROVED
94065,APPROVED
108948,DECLINED
107700,APPROVED
93988,APPROVED
111050,APPROVED
62715,APPROVED
106486,DECLINED
191993,APPROVED
109455,DECLINED
61087,APPROVED
98718,APPROVED
103248,APPROVED
96391,APPROVED
81955,APPROVED
94718,APPROVED
90006,DECLINED
110587,APPROVED
106989,APPROVED
114023,APPROVED
99662,APPROVED
96461,APPROVED
76673,APPROVED
112494,DECLINED
85521,APPROVED
200561,DECLINED
105201,APPROVED
97606,DECLINED
69807,APPROVED
92813,APPROVED
84315,DECLINED
197192,APPROVED
105283,APPROVED
96861,APPROVED
97984,APPROVED
73543,APPROVED
79548,APPROVED
196134,APPROVED
89294,APPROVED
105016,APPROVED
95631,APPROVED
110452,APPROVED
111847,APPROVED
105288,APPROVED
86262,APPROVED
71648,APPROVED
96391,DECLINED
81711,APPROVED
91193,APPROVED
85646,APPROVED
89450,APPROVED
95912,APPROVED
110308,APPROVED
94799,APPROVED
78929,APPROVED
97418,DECLINED
69042,APPROVED
88282,DECLINED
109054,DECLINED
74463,APPROVED
85591,APPROVED
110365,DECLINED
96761,DECLINED
106654,APPROVED
95385,APPROVED
76280,APPROVED
113838,APPROVED
87885,APPROVED
61191,APPROVED
97418,APPROVED
101802,APPROVED
104829,APPROVED
64167,APPROVED
80401,APPROVED
79454,APPROVED
96329,APPROVED
95564,APPROVED
100609,APPROVED
91926,APPROVED
72310,APPROVED
91844,APPROVED
110697,APPROVED
107225,APPROVED
92743,DECLINED
193608,APPROVED
84909,APPROVED
